Record#,Institution,Female_Asian,Female_Black,Female_Hispanic,Female_American_Indian,Female_Multi,Female_White
1978,263,,,2,,,4
2034,263,3,7,8,1,4,42
1980,263,2,1,2,,1,4
2035,263,6,,7,,4,30
1981,263,2,2,,,,3
2031,263,2,8,14,1,4,34
1952,117,5,3,4,4,6,16
1953,117,10,1,2,4,3,18
1954,117,15,1,3,3,4,24
1955,117,11,3,7,3,2,31
1956,117,11,3,10,3,3,36
1957,117,19,9,17,3,4,52
1958,117,32,6,25,3,11,53
2036,117,46,13,35,,17,67
1959,117,7,3,7,3,3,10
1960,117,5,4,3,1,1,12
1961,117,2,3,3,,5,16
1962,117,4,4,6,1,4,12
1963,117,8,4,4,1,2,17
1964,117,8,1,6,,3,15
1965,117,4,2,6,,2,22
2032,117,5,4,11,1,3,21
1971,117,6,4,11,4,2,32
1972,117,4,1,10,5,5,37
1973,117,8,2,8,4,3,27
1974,117,8,1,13,2,2,33
1975,117,12,3,17,,2,31
1976,117,14,3,20,,3,31
1977,117,16,1,24,2,6,33
2033,117,14,,24,2,9,40
4767,117,2,2,2,0,0,4
1979,117,,,1,,1,2
2030,117,1,1,4,1,1,3
1966,117,,,,2,,3
1967,117,,,5,1,1,4
1968,117,,1,5,,3,8
2029,117,3,9,20,1,4,42
2112,395,,,,,,
2113,395,,,,,,
2114,395,,,,,,
2115,395,,,,,,
2116,395,,,,,,
2117,395,,,,,,
2118,395,,,,,,
2119,395,,,,,,
2120,395,,,,,,
2121,395,,,,,,
2122,395,,,,,,
2123,395,,,,,,
2124,395,,,,,,
2125,395,,,,,,
2126,395,,,,,,
2127,395,,,,,,
2128,395,,,,,,
2129,395,,,,,,
2130,395,,,,,,
2131,395,,,,,,
2132,395,,,,,,
2133,395,,,,,,
2134,395,,,,,,
2135,395,,,,,,
2152,379,,,,,,
2153,379,,,,,,
2154,379,,,,,,
2155,379,,,,,,
2156,379,,,,,,
2157,379,,,,,,
2158,379,,,,,,
2159,379,,,,,,
2144,379,,,,,,
2145,379,,,,,,
2146,379,,,,,,
2147,379,,,,,,
2148,379,,,,,,
2149,379,,,,,,
2150,379,,,,,,
2151,379,,,,,,
2136,379,,,,,,
2137,379,,,,,,
2138,379,,,,,,
2139,379,,,,,,
2140,379,,,,,,
2141,379,,,,,,
2142,379,,,,,,
2143,379,,,,,,
2168,21,,,,,,
2169,21,,,,,,
2170,21,,,,,,
2171,21,,,,,,
2172,21,,,,,,
2173,21,,,,,,
2174,21,,,,,,
2175,21,,,,,,
2160,21,,,,,,
2161,21,,,,,,
2162,21,,,,,,
2163,21,,,,,,
2164,21,,,,,,
2165,21,,,,,,
2166,21,,,,,,
2167,21,,,,,,
4488,297,,,,,,
2176,297,,,,,,
2177,297,,,,,,
2178,297,,,,,,
2179,297,,,,,,
2180,297,,,,,,
2181,243,,,,,,
2182,243,,,,,,
2183,243,,,,,,
2184,243,,,,,,
2185,243,,,,,,
2186,243,,,,,,
2187,243,,,,,,
2188,243,,,,,,
2192,262,,,,,,
2193,262,,,,,,
2194,262,,,,,,
2195,262,,,,,,
2196,262,,,,,,
2197,262,,,,,,
2198,262,,,,,,
2199,262,,,,,,
2200,262,,,,,,
2201,262,,,,,,
2189,262,,,,,,
2190,262,,,,,,
2191,262,,,,,,
2202,262,1,0,0,0,0,3
2203,262,1,0,0,0,0,0
2204,262,0,0,0,0,1,1
2205,262,0,0,1,0,1,3
2206,262,2,1,1,0,0,4
5240,262,6,0,1,0,4,6
5241,262,6,0,1,0,5,12
5242,262,12,1,1,0,2,16
5243,262,10,2,1,0,2,14
2207,262,3,0,0,0,0,8
2208,262,4,0,0,0,0,4
2209,262,2,0,0,0,1,6
2210,262,1,1,0,0,1,6
2211,262,3,1,0,0,0,8
4571,262,22,2,1,0,7,29
5244,262,5,0,0,0,0,13
5246,262,10,1,0,0,5,12
5247,262,5,1,0,0,3,13
2217,262,,,,,,
2218,262,,,,,,
2219,262,,,,,,
2220,262,,,,,,
2221,262,,,,,,
5245,262,5,1,0,0,3,13
2212,262,,,,,,
2213,262,,,,,,
2214,262,,,,,,
2215,262,,,,,,
2216,262,,,,,,
2222,262,,,,,,
2223,262,,,,,,
2224,262,,,,,,
2225,262,,,,,,
2226,262,,,,,,
4720,90,4,0,4,0,3,12
2235,397,,,,,,
2236,397,,,,,,
2237,397,,,,,,
2238,397,,,,,,
2239,397,,,,,,
2240,397,,,,,,
2241,397,,,,,,
2242,397,,,,,,
2227,397,,,,,,
2228,397,,,,,,
2229,397,,,,,,
2230,397,,,,,,
2231,397,,,,,,
2232,397,,,,,,
2233,397,,,,,,
2234,397,,,,,,
1226,54,17,1,3,1,3,16
1227,54,,,,,,
1228,54,,,,,,
1229,54,,,,,,
1230,54,,,,,,
2243,54,,,,,,
2249,54,,,,,,
2250,54,,,,,,
2251,54,,,,,,
2252,54,,,,,,
2253,54,,,,,,
2254,54,,,,,,
2255,54,,,,,,
2256,54,,,,,,
2257,54,,,,,,
2258,54,,,,,,
2259,364,,,,,,
2260,364,,,,,,
2261,364,,,,,,
2262,364,,,,,,
2263,364,,,,,,
2264,364,,,,,,
2265,364,,,,,,
2266,364,,,,,,
2267,224,,,,,,
2268,224,,,,,,
2269,224,,,,,,
2270,224,,,,,,
2271,224,,,,,,
2272,224,,,,,,
2273,224,,,,,,
2274,224,,,,,,
2275,224,,,,,,
2276,224,,,,,,
2277,224,,,,,,
2278,224,,,,,,
2279,224,,,,,,
2280,224,,,,,,
2281,224,,,,,,
2282,224,,,,,,
5236,7,2,6,5,0,0,1
5237,7,10,6,16,0,2,2
5238,7,0,0,0,0,0,0
5239,7,7,9,17,0,0,4
4208,115,6,6,35,0,2,17
4209,115,8,8,38,0,2,19
4210,115,15,12,37,0,1,12
4211,115,18,10,31,0,2,11
4212,115,13,8,28,0,6,7
4218,115,14,3,17,0,2,3
4219,115,19,2,15,0,3,2
4220,115,20,2,23,0,0,1
4221,115,27,2,26,0,1,3
4222,115,19,2,20,0,2,2
5080,115,13,0,10,0,2,1
4213,115,25,3,29,0,0,7
4214,115,31,3,22,0,2,7
4215,115,50,2,18,0,2,15
4216,115,48,2,20,0,5,13
4217,115,69,5,22,0,8,17
5081,115,43,2,18,0,5,8
4762,116,1,0,0,,1,7
4763,116,,,,,,
4737,223,0,0,2,0,2,20
2283,223,,,,,,
2284,223,,,,,,
2285,223,,,,,,
2286,223,,,,,,
2287,223,,,,,,
2288,223,,,,,,
2289,223,,,,,,
2290,223,,,,,,
4765,172,96,2,0,0,6,30
2291,172,,,,,,
2292,172,,,,,,
2293,172,,,,,,
2294,172,,,,,,
2295,172,,,,,,
2296,172,,,,,,
2297,312,,,,,,
2298,312,,,,,,
2299,312,,,,,,
2300,312,,,,,,
2301,312,,,,,,
2302,312,,,,,,
2303,312,,,,,,
2304,312,,,,,,
2305,112,,,,,,
2306,112,,,,,,
2307,112,,,,,,
2308,112,,,,,,
2309,112,,,,,,
2310,112,,,,,,
2311,112,,,,,,
2312,112,7,3,2,0,0,8
5266,112,6,4,1,0,0,10
5267,112,18,2,2,0,0,18
5268,112,28,4,9,0,0,19
5269,112,37,5,15,0,0,24
2313,334,,,,,,
2314,334,,,,,,
2315,334,,,,,,
2316,334,,,,,,
2317,334,,,,,,
2318,334,,,,,,
2319,334,,,,,,
2320,334,,,,,,
2321,334,,,,,,
2322,334,,,,,,
2323,393,,,,,,
2324,393,,,,,,
2329,393,,,,,,
2327,393,,,,,,
2328,393,,,,,,
2325,393,,,,,,
2326,393,,,,,,
4511,411,2,2,3,0,0,16
4515,411,2,2,3,0,0,16
2330,411,,,,,,
2331,411,,,,,,
2332,411,,,,,,
2333,411,,,,,,
2334,411,,,,,,
2335,411,,,,,,
2336,411,,,,,,
2337,411,,,,,,
1231,456,0,0,0,2,0,20
1232,456,0,0,0,0,0,22
1233,456,0,0,0,0,1,15
1234,456,,,,,,
1235,456,,,,,,
1236,456,,2,,,3,4
1237,456,0,1,0,0,5,4
4242,456,0,1,0,0,,5
4243,456,0,0,0,0,,9
2352,387,,,,,,
2353,387,,,,,,
2354,387,,,,,,
2366,345,,,,,,
2367,345,,,,,,
2368,345,,,,,,
2369,345,,,,,,
2370,345,,,,,,
2371,345,,,,,,
2372,345,,,,,,
2373,345,,,,,,
2358,345,,,,,,
2359,345,,,,,,
2360,345,,,,,,
2361,345,,,,,,
2362,345,,,,,,
2363,345,,,,,,
2364,345,,,,,,
2365,345,,,,,,
4617,200,12,0,2,0,0,9
4618,200,18,0,4,0,1,10
4619,200,24,0,4,0,2,16
4620,200,49,1,4,0,4,28
4621,200,62,3,6,0,7,37
4608,200,6,0,1,0,1,10
4604,200,2,0,1,0,1,3
4605,200,1,0,0,0,1,1
4606,200,1,1,1,0,2,3
4607,200,5,0,1,0,0,8
4622,200,4,0,2,0,1,8
4623,200,4,0,2,0,1,13
4624,200,6,1,3,0,1,12
4625,200,11,1,3,0,1,7
4626,200,18,1,4,0,3,10
5302,216,,,,,,
5303,216,,,,,,
5304,216,,,,,,
5305,216,,,,,,
5306,216,,,,,,
5307,216,,,,,,
5308,216,,,,,,
5309,216,,,,,,
5310,216,,,,,,
5091,216,,,,,,
5093,216,,,,,,
5321,216,,,,,,
5322,216,,,,,,
5323,216,,,,,,
5324,216,,,,,,
2406,216,,,,,,
5311,216,,,,,,
5312,216,,,,,,
5313,216,,,,,,
5094,216,0,0,0,0,0,0
2399,216,,,,,,
2400,216,,,,,,
2401,216,,,,,,
2402,216,,,,,,
2403,216,,,,,,
2404,216,,,,,,
2405,216,,,,,,
2398,216,,,,,,
5095,216,,,,,,
5314,216,,,,,,
5315,216,,,,,,
5316,216,,,,,,
2391,216,,,,,,
2392,216,,,,,,
2393,216,,,,,,
2394,216,,,,,,
2395,216,,,,,,
2396,216,,,,,,
2397,216,,,,,,
5330,216,,,,,,
5332,216,,,,,,
5331,216,,,,,,
5333,216,,,,,,
5334,216,,,,,,
5325,216,,,,,,
5326,216,,,,,,0
5327,216,,,,,,
5328,216,,,,,,
5329,216,,,,,,
5097,216,,,,,,
5317,216,,,,,,
5318,216,,,,,,
5319,216,,,,,,
5320,216,,,,,,
4654,160,2,1,2,0,1,14
2383,160,,,,,,
2384,160,,,,,,
2385,160,,,,,,
2386,160,,,,,,
2387,160,,,,,,
2388,160,,,,,,
2389,160,,,,,,
2390,160,,,,,,
4512,160,2,4,3,0,2,22
4653,160,2,1,2,0,0,15
5046,160,3,6,2,1,4,24
2418,438,,,,,,
2419,438,,,,,,
2420,438,,,,,,
2421,438,,,,,,
2422,438,,,,,,
2423,438,,,,,,
2424,438,,,,,,
2425,438,,,,,,
2426,438,,,,,,
2427,438,,,,,,
4440,414,,,,,,
4680,414,,,,,,
5336,6,33,5,2,0,7,34
5337,6,41,4,4,0,2,61
5354,6,53,8,7,0,4,71
5355,6,,,,,,
5340,6,11,10,4,0,3,10
5341,6,10,11,2,0,2,12
5342,6,15,9,2,0,3,16
5343,6,19,8,0,0,3,21
4521,475,9,0,0,0,0,6
4522,475,10,0,0,0,0,6
4523,475,7,1,0,0,0,4
4524,475,6,0,0,0,0,2
4525,475,4,0,0,0,0,1
4814,475,11,1,2,0,1,11
4526,475,21,4,2,0,1,16
4527,475,10,4,3,0,1,17
4528,475,9,1,1,0,0,10
4529,475,6,2,0,0,1,6
4530,475,3,1,0,0,1,5
4815,475,30,4,4,0,1,17
4489,468,,,,,,
4538,468,1,,,,,
4539,468,,,,,,
4540,468,,,,,,
4541,468,,,1,,,1
4542,468,,,,,,
2436,127,,,,,,
2437,127,,,,,,
2438,127,,,,,,
2439,127,,,,,,
2440,127,,,,,,
2441,127,,,,,,
2442,127,,,,,,
2443,127,,,,,,
4821,123,1,3,1,0,2,9
4822,123,0,3,1,0,2,7
4823,123,1,3,2,0,4,6
4824,123,0,3,3,0,1,6
4825,123,2,2,1,0,1,8
5264,123,3,3,1,0,2,17
5265,123,,,,,,
4236,205,,,,,,
4237,205,,,,,,
4238,205,,,,,,
4239,205,,,,,,
4240,205,,,,,,
4241,205,,,,,,
5271,205,0,54,0,0,0,0
5272,205,2,87,0,0,0,0
5273,205,1,54,1,0,0,0
5274,205,1,50,0,0,0,0
5275,205,0,48,1,0,0,0
5276,205,1,54,2,0,2,0
5277,205,,,,,,
4171,205,0,5,0,0,0,1
4172,205,0,30,0,0,0,0
4173,205,0,26,0,0,0,0
4174,205,0,22,1,0,0,0
4175,205,0,14,0,0,0,0
5292,249,2,8,24,0,0,4
5293,249,5,8,16,5,1,2
5294,249,2,6,35,0,2,5
5295,249,3,11,34,0,0,9
5296,249,2,8,30,0,0,12
5300,249,4,13,44,0,3,7
5301,249,7,14,37,1,2,5
5297,249,4,4,24,0,0,4
5298,249,5,9,27,0,0,4
5299,249,6,12,40,0,1,7
2458,109,,,,,,
2459,109,,,,,,
2460,109,,,,,,
2461,109,,,,,,
2462,109,,,,,,
2463,109,,,,,,
2464,109,,,,,,
2465,109,,,,,,
2473,109,,,,,,
2474,109,,,,,,
2466,109,,,,,,
2467,109,,,,,,
2468,109,,,,,,
2469,109,,,,,,
2470,109,,,,,,
2471,109,,,,,,
2472,109,,,,,,
2475,323,,,,,,
2476,323,,,,,,
2477,323,,,,,,
2478,323,,,,,,
2479,323,,,,,,
2480,323,,,,,,
2497,32,,,,,,
2498,32,,,,,,
2499,32,,,,,,
2500,32,,,,,,
2501,32,,,,,,
2502,32,,,,,,
2503,32,,,,,,
2504,32,,,,,,
2481,32,,,,,,
2482,32,,,,,,
2483,32,,,,,,
2484,32,,,,,,
2485,32,,,,,,
2486,32,,,,,,
2487,32,,,,,,
2488,32,,,,,,
2489,32,,,,,,
2490,32,,,,,,
2491,32,,,,,,
2492,32,,,,,,
2493,32,,,,,,
2494,32,,,,,,
2495,32,,,,,,
2496,32,,,,,,
2505,32,,,,,,
2506,32,,,,,,
2507,85,,,,,,
2508,85,,,,,,
1255,85,55,11,14,,20,30
1256,85,67,21,13,,15,41
1257,85,76,24,12,,17,44
1258,85,78,18,14,1,24,42
2010,85,88,21,13,0,21,49
1259,85,7,2,1,,4,5
1260,85,9,3,,,3,7
1261,85,11,4,2,,4,5
1262,85,9,5,1,0,3,5
2012,85,7,1,1,0,2,6
2514,85,,,,,,
2515,85,,,,,,
2516,85,,,,,,
2517,85,,,,,,
2518,85,,,,,,
2509,85,,,,,,
2510,85,,,,,,
2511,85,,,,,,
2512,85,,,,,,
2513,85,,,,,,
1263,85,12,6,3,,4,11
1264,85,7,6,2,,3,12
1265,85,6,6,1,,3,15
1266,85,10,6,5,0,1,13
2011,85,13,6,5,0,0,9
4999,311,9,4,0,0,2,19
2523,294,,,,,,
2525,294,,,,,,
2526,294,,,,,,
2527,294,,,,,,
2519,294,,,,,,
2520,294,,,,,,
2521,294,,,,,,
2522,294,,,,,,
1267,64,75,20,1,2,1,83
1268,64,65,14,1,,,83
1269,64,,,,,,
1270,64,31,7,3,0,0,55
1271,64,26,6,5,0,0,62
1272,64,28,33,4,1,0,53
1273,64,,,,,,
1274,64,,,,,,
2536,64,,,,,,
2537,64,,,,,,
2538,64,,,,,,
2539,64,,,,,,
2540,64,,,,,,
2541,64,,,,,,
2542,64,,,,,,
2543,64,17,11,1,0,2,58
4401,64,,,,,,
4406,64,24,9,4,1,5,54
4407,64,24,13,3,1,3,54
4408,64,23,11,4,1,6,51
4409,64,21,10,6,0,6,54
4937,64,24,11,9,0,6,48
2528,64,,,,,,
2529,64,,,,,,
2530,64,,,,,,
2531,64,,,,,,
2532,64,,,,,,
2533,64,,,,,,
2534,64,,,,,,
2535,64,27,15,6,0,6,46
4402,64,39,15,9,1,3,61
4403,64,62,12,10,1,5,90
4404,64,90,12,15,0,10,104
4405,64,136,16,19,0,15,128
4936,64,168,27,26,0,18,152
4441,105,,,,,,
4938,155,,,,,,0
4939,155,,,,,,
4940,155,,,,,,
4941,155,,,,,,
4942,155,,,,,,
2544,155,,,,,,
2545,155,,,,,,
2546,155,,,,,,
2547,155,,,,,,
2548,155,,,,,,
2549,155,,,,,,
4550,236,9,0,3,0,3,26
4551,236,11,0,5,0,3,39
4552,236,13,0,6,0,3,36
4727,236,15,0,2,0,6,24
2554,236,,,,,,
2555,236,,,,,,
2556,236,,,,,,
2557,236,,,,,,
2558,236,,,,,,
2559,236,,,,,,
4553,236,1,0,1,0,0,12
4554,236,2,0,1,0,0,10
4555,236,3,0,0,0,0,6
4556,236,3,0,0,0,0,9
4557,236,4,0,2,0,2,14
4728,236,4,0,3,0,1,11
4721,236,1,0,0,0,0,1
4722,236,3,0,0,0,0,4
4723,236,4,0,1,0,0,9
4724,236,4,0,1,0,0,11
4725,236,1,0,0,0,0,8
4726,236,1,0,0,0,1,9
4434,347,,,,,,2
4509,443,,,,,,
2560,351,,,,,,
2561,351,,,,,,
2562,351,,,,,,
2563,351,,,,,,
2564,351,,,,,,
2565,351,,,,,,
2566,351,,,,,,
2567,351,,,,,,
2568,351,,,,,,
2569,351,,,,,,
2570,351,,,,,,
2571,351,,,,,,
2572,351,,,,,,
2573,351,,,,,,
2574,351,,,,,,
2575,351,,,,,,
2576,351,,,,,,
2577,351,,,,,,
2578,351,,,,,,
2579,351,,,,,,
2580,351,,,,,,
2581,351,,,,,,
2582,351,,,,,,
2583,351,,,,,,
2584,351,,,,,,
2585,351,,,,,,
2616,144,,,,,,
2617,144,,,,,,
2618,144,,,,,,
2619,144,,,,,,
2620,144,,,,,,
2621,144,,,,,,
2610,144,,,,,,
2611,144,,,,,,
2612,144,,,,,,
2613,144,,,,,,
2614,144,,,,,,
2615,144,,,,,,
2592,144,,,,,,
2593,144,,,,,,
2594,144,,,,,,
2595,144,,,,,,
2596,144,,,,,,
2597,144,,,,,,
2586,144,,,,,,
2587,144,,,,,,
2588,144,,,,,,
2589,144,,,,,,
2590,144,,,,,,
2591,144,,,,,,
2604,144,,,,,,
2605,144,,,,,,
2606,144,,,,,,
2607,144,,,,,,
2608,144,,,,,,
2609,144,,,,,,
2598,144,,,,,,
2599,144,,,,,,
2600,144,,,,,,
2601,144,,,,,,
2602,144,,,,,,
2603,144,,,,,,
4245,369,1,,,,,3
4246,369,1,1,,,,4
4247,369,1,3,,,,5
4248,369,1,,1,,,10
4249,369,1,1,1,,,8
4250,369,,,,,,6
4251,369,2,2,1,,,5
4252,369,1,1,1,0,0,8
4253,369,,1,,,,6
4254,369,,,,,,
4255,369,1,3,,,,11
4256,369,,1,,,,14
4257,369,1,1,,,,14
4258,369,1,1,,,,15
4259,369,5,1,,,,26
4260,369,20,1,0,1,0,28
1282,369,3,4,0,0,1,28
1283,369,2,6,0,0,0,31
1284,369,4,7,1,1,,39
2098,369,6,8,1,,,66
2099,369,7,9,5,,,70
2100,369,6,9,6,1,,84
2101,369,7,6,6,,,95
2102,369,7,9,9,,,142
2103,369,43,9,12,1,0,145
4244,369,2,5,2,,,45
2636,154,,,,,,
2637,154,,,,,,
2638,154,,,,,,
2639,154,,,,,,
2640,154,,,,,,
2641,154,,,,,,
2642,154,,,,,,
2643,154,,,,,,
2644,250,,,,,,
2645,250,,,,,,
2646,250,,,,,,
2647,250,,,,,,
2648,250,,,,,,
2649,250,,,,,,
2650,250,,,,,,
2651,250,,,,,,
2652,250,,,,,,
2653,250,,,,,,
2654,250,,,,,,
2655,250,,,,,,
2656,250,,,,,,
2657,250,,,,,,
2658,250,,,,,,
2659,250,,,,,,
2666,270,5,1,,,,27
2667,270,1,4,1,,,29
5018,270,2,1,3,,1,29
5019,270,2,2,3,,1,32
5020,270,3,2,5,,,30
5021,270,8,2,2,,2,27
5017,270,,4,2,,,33
2660,270,,,,,,
2661,270,,,,,,
2662,270,,,,,,
2663,270,,,,,,
2664,270,,,,,,
2665,270,,,,,,
2674,270,1,2,1,,,15
2675,270,1,1,1,,,19
5012,270,1,1,2,,,23
5013,270,2,,2,,2,30
5014,270,3,1,4,1,2,29
5015,270,3,1,4,1,4,26
5016,270,8,,5,,1,23
2668,270,,,,,,
2669,270,,,,,,
2670,270,,,,,,
2671,270,,,,,,
2672,270,,,,,,
2673,270,,,,,,
5032,270,1,,3,,,19
5033,270,3,,2,,1,20
5034,270,3,,3,,,29
5035,270,3,1,2,,1,28
5036,270,5,2,1,,2,24
5037,270,5,3,2,,2,25
5038,270,8,1,3,,2,23
2687,270,4,2,1,,,12
2688,270,2,,1,,,6
5022,270,2,,,,2,3
5023,270,3,,1,,,13
5024,270,3,1,2,,,15
5025,270,7,,1,,3,23
5026,270,8,1,,,3,23
2681,270,,,,,,
2682,270,,,,,,
2683,270,,,,,,
2684,270,,,,,,
2685,270,,,,,,
2686,270,,,,,,
5039,270,3,2,2,,1,77
5040,270,4,6,3,,1,105
5041,270,6,5,5,,3,113
5042,270,7,8,4,1,3,113
5043,270,3,7,8,1,5,125
5044,270,3,6,10,1,7,144
5045,270,7,8,12,1,7,155
2676,270,,,,,,
2677,270,,,,,,
2678,270,,,,,,
2679,270,1,,,,1,4
2680,270,3,1,,,2,9
5027,270,1,1,,,2,7
5028,270,2,1,,,3,17
5029,270,4,,,,,17
5030,270,6,,5,,1,27
5031,270,8,2,3,,5,35
2689,459,,,,,,
2690,459,,,,,,
2691,459,,,,,,
2692,459,,,,,,
2693,459,,,,,,
2694,459,,,,,,
2695,459,,,,,,
2696,459,,,,,,
4575,122,7,1,0,0,1,26
2705,320,,,,,,
2706,320,,,,,,
2707,320,,,,,,
2708,320,,,,,,
2709,320,,,,,,
2719,320,4,8,,1,4,1
2724,320,6,2,,,1,1
4445,320,2,5,13,,0,5
4446,320,2,5,9,,1,5
4447,320,2,8,10,,1,4
4448,320,1,7,8,0,3,8
2720,320,,,,,,
2721,320,,,,,,
2722,320,,,,,,
2723,320,,,,,,
2725,320,,,,,,
2726,320,,,,,,
2727,320,,,,,,
2728,320,,,,,,
2729,320,,,,,,
2730,320,,,,,,
2731,320,,,,,,
2732,320,,,,,,
2733,320,,,,,,
2734,320,,,,,,
2710,320,,,,,,
2711,320,,,,,,
2712,320,,,,,,
2713,320,,,,,,
2714,320,,,,,,
2715,320,,,,,,
2716,320,,0,1,,,0
5047,320,0,0,0,,,1
4443,320,1,2,3,,0,1
4439,320,1,4,5,0,0,1
4442,320,1,1,4,,1,0
4444,320,1,5,5,,,1
2717,320,,,,,,
2718,320,,,,,,
2697,320,,,,,,
2698,320,,,,,,
2699,320,,,,,,
2700,320,,,,,,
2701,320,,,,,,
2702,320,,,,,,
2703,320,,,,,,
2704,320,,,,,,
2735,371,,,,,,
2736,371,,,,,,
2737,371,,,,,,
2738,371,,,,,,
2739,371,,,,,,
2740,371,,,,,,
2741,371,,,,,,
2742,371,,,,,,
2743,371,,,,,,
2744,392,,,,,,
2745,392,,,,,,
2746,392,,,,,,
2747,392,,,,,,
2748,392,,,,,,
2749,392,,,,,,
2750,392,,,,,,
2751,392,,,,,,
2752,392,,,,,,
2753,392,,,,,,
2754,392,,,,,,
2755,392,,,,,,
4144,46,0,0,0,0,0,1
5235,46,0,0,0,0,0,0
4145,46,1,3,6,0,0,16
4146,46,2,3,4,0,0,13
4147,46,1,3,1,0,0,13
4148,46,2,2,1,0,0,7
4149,46,0,0,0,0,0,3
5234,46,1,3,5,0,1,16
2756,421,,,,,,
2757,421,,,,,,
2758,421,,,,,,
2759,421,,,,,,
2760,421,,,,,,
2761,421,,,,,,
2762,421,,,,,,
2763,421,,,,,,
5214,417,,28,,,,
2764,417,,,,,,
2765,417,,,,,,
2766,417,,,,,,
2767,417,,,,,,
2768,417,,,,,,
2769,417,,,,,,
2770,417,,,,,,
2771,417,,,,,,
4477,179,0,6,0,0,0,6
4478,179,1,4,0,0,0,6
4482,179,0,3,0,0,0,7
4483,179,0,0,0,0,0,2
4484,179,0,4,0,0,0,3
4485,179,0,3,0,0,0,7
4486,179,1,4,1,2,0,5
4731,179,2,10,,2,,23
4490,179,0,5,0,0,0,7
4491,179,0,4,1,0,0,4
4492,179,0,3,1,0,0,2
4493,179,0,3,0,0,0,5
4494,179,0,2,0,0,0,8
4495,179,0,5,0,0,0,7
4496,179,0,2,0,0,0,6
4732,179,1,3,,1,,15
4497,179,0,4,0,0,0,17
4498,179,0,4,0,0,0,15
4499,179,1,2,2,0,0,12
4500,179,1,3,0,0,0,12
4501,179,1,4,0,0,0,20
4502,179,1,2,0,0,0,25
4503,179,0,2,0,0,0,26
4730,179,1,14,,1,,52
1285,114,,,,,,
1286,114,,,,,,
1287,114,2,0,0,0,0,7
1288,114,,,,,,
2776,114,,,,,,
2777,114,,,,,,
2778,114,,,,,,
2779,114,,,,,,
2780,114,,,,,,
2781,114,0,1,0,0,0,1
2782,114,,,,,,
2783,114,,,,,,
2784,114,,,,,,
1289,114,,,,,,
1290,114,,,,,,
1291,114,,,,,,
1292,114,,,,,,
1293,114,1,0,0,1,0,6
2790,114,,,,,,
2791,114,,,,,,
2792,114,,,,,,
1294,114,,,,,,
1295,114,,,,,,
1296,114,1,0,0,0,0,0
2793,114,,,,,,
2797,114,,,,,,
2798,114,,,,,,
2799,114,,,,,,
1297,114,,,,,,
1298,114,,,,,,
1299,114,,,,,,
1300,114,,,,,,
1301,114,0,1,0,0,0,1
2805,114,,,,,,
2806,114,,,,,,
2807,114,,,,,,
2808,114,,,,,,
2809,114,,,,,,
2810,114,0,0,0,0,0,0
2811,114,,,,,,
2812,114,,,,,,
2813,114,,,,,,
2814,114,,,,,,
2815,114,,,,,,
2816,114,0,0,0,0,0,0
2817,114,,,,,,
2818,114,,,,,,
2819,114,,,,,,
4437,148,,,,,,
4438,148,,,,,,
2823,348,,,,,,
2824,348,,,,,,
2825,348,,,,,,
2820,348,,,,,,
2821,348,,,,,,
2822,348,,,,,,
4267,370,3,11,18,0,,6
4268,370,1,14,18,0,,4
4269,370,1,17,20,0,,3
4270,370,0,13,10,0,,5
4271,370,0,9,7,0,,7
4944,370,4,10,19,,,8
4945,370,3,9,17,,,7
4943,370,1,10,15,0,,7
4513,464,2,0,1,0,2,27
1302,487,4,14,0,0,2,33
1303,487,4,7,0,0,4,29
1304,487,5,3,0,1,4,30
1305,487,3,3,0,1,4,27
1306,487,0,2,3,0,1,32
1307,487,2,4,2,0,3,37
1308,487,2,2,2,0,5,49
1309,487,2,2,3,0,3,65
1310,487,3,1,5,1,6,74
1311,487,5,2,4,1,7,63
1312,487,6,7,4,1,6,59
1313,487,9,7,3,1,13,61
2014,487,8,8,3,1,16,74
2015,487,3,8,5,1,25,99
2016,487,4,6,3,0,27,110
1314,487,3,6,2,0,4,44
1315,487,6,3,1,0,10,51
1316,487,6,5,0,0,8,52
1317,487,2,6,1,0,8,42
1318,487,0,7,0,0,5,8
1319,487,3,5,0,0,5,8
1320,487,1,10,1,0,2,8
1321,487,1,6,0,0,3,4
2017,487,1,6,0,0,7,5
2018,487,2,4,0,1,6,8
2019,487,5,3,0,0,6,14
1322,487,,,,,,
1323,487,,,,,,
1324,487,1,4,2,0,5,16
1325,487,3,4,1,0,3,21
1326,487,4,5,1,0,8,23
1327,487,5,6,1,0,15,26
2020,487,7,5,1,0,15,36
2021,487,10,6,1,0,17,44
2022,487,14,11,1,1,22,57
5131,487,22,11,4,1,0,80
1328,487,3,4,1,0,8,11
1329,487,3,3,1,0,7,12
1330,487,7,6,1,0,7,99
1331,487,7,6,3,0,14,14
2023,487,8,5,2,0,15,14
2024,487,3,4,2,0,18,16
2025,487,3,9,3,0,21,16
1332,487,2,1,0,0,4,14
1333,487,1,1,0,0,2,14
1334,487,2,0,0,0,1,19
1335,487,2,0,0,0,2,20
1336,487,8,3,1,0,4,66
1337,487,14,7,1,0,7,61
1338,487,14,7,2,0,8,79
1339,487,10,10,2,0,10,82
2026,487,11,10,4,0,14,88
2027,487,11,11,5,0,17,128
2028,487,9,11,8,1,23,140
4279,194,1,1,0,0,0,14
4280,194,0,0,0,0,0,17
4281,194,0,0,0,1,0,14
4282,194,0,0,0,1,0,14
4283,194,0,0,1,2,0,12
4284,194,0,0,0,1,0,9
4349,194,1,1,0,0,0,13
4864,194,2,0,0,0,0,15
2839,194,1,0,1,0,0,15
2840,194,1,1,0,0,0,19
2841,194,1,1,1,0,0,13
4297,194,0,0,0,0,0,17
4298,194,0,0,0,0,0,18
4299,194,0,0,0,0,0,19
4348,194,1,0,1,0,0,29
4863,194,1,0,1,0,3,35
2834,194,,,,,,
2835,194,,,,,,
2836,194,,,,,,
2837,194,,,,,,
2838,194,,,,,,
4285,194,1,1,1,0,0,25
4286,194,1,1,0,0,2,25
4287,194,1,2,0,0,0,23
4288,194,2,3,1,1,0,20
4289,194,2,1,2,0,0,19
4290,194,1,2,1,1,0,21
4347,194,1,1,1,0,0,34
4865,194,1,1,1,0,0,35
4291,194,0,0,1,0,0,3
4292,194,0,0,1,0,0,1
4293,194,0,0,1,0,0,1
4294,194,0,0,1,0,0,0
4295,194,,,,,,0
4296,194,0,1,0,0,0,0
4346,194,0,0,0,0,0,4
4866,194,0,0,0,0,0,8
4487,330,2,15,0,0,3,6
4692,330,1,7,2,0,2,6
4695,330,2,12,3,0,0,8
4698,330,2,17,1,0,1,6
2858,330,,,,,,
2859,330,,,,,,
2860,330,,,,,,
2861,330,,,,,,
2862,330,,,,,,
2863,330,,,,,,
2864,330,,,,,,
2865,330,,,,,,
4688,330,2,9,1,0,1,16
4690,330,1,4,1,0,0,18
4693,330,1,9,0,0,2,15
4696,330,0,6,0,0,0,13
2842,330,,,,,,
2843,330,,,,,,
2844,330,,,,,,
2845,330,,,,,,
2846,330,,,,,,
2847,330,,,,,,
2848,330,,,,,,
2849,330,,,,,,
4689,330,0,4,0,0,1,6
4691,330,0,2,0,0,1,6
4694,330,0,2,0,0,0,7
4697,330,0,1,1,0,0,7
2850,330,,,,,,
2851,330,,,,,,
2852,330,,,,,,
2853,330,,,,,,
2854,330,,,,,,
2855,330,,,,,,
2856,330,,,,,,
2857,330,,,,,,
5215,363,,,,,,
5222,363,2,1,2,0,0,4
4203,489,0,0,0,0,0,5
4204,489,0,0,0,1,0,6
4205,489,0,0,0,1,0,4
4206,489,0,0,0,1,0,5
4207,489,0,0,0,1,0,5
4997,489,0,0,0,0,0,5
4198,489,0,1,0,0,0,19
4199,489,0,1,0,1,2,18
4200,489,0,1,0,1,3,23
4201,489,0,0,1,0,1,21
4202,489,0,0,1,0,2,34
4996,489,2,0,2,0,2,43
4193,489,0,0,1,0,1,17
4194,489,0,0,1,0,0,14
4195,489,1,0,0,1,0,14
4196,489,2,0,2,1,0,14
4197,489,1,0,2,0,0,18
4998,489,1,0,2,0,0,16
2866,87,,,,,,
2867,87,,,,,,
2868,87,,,,,,
2869,87,,,,,,
2870,87,,,,,,
2871,87,,,,,,
2872,271,,,,,,
2873,271,,,,,,
2874,271,,,,,,
2875,271,,,,,,
2876,271,,,,,,
2877,271,,,,,,
4537,251,13,4,3,0,2,7
5135,251,22,4,6,0,0,5
5136,251,14,3,5,0,1,8
4129,373,2,1,0,0,0,1
4130,373,9,3,2,0,0,2
4131,373,6,0,0,0,0,3
4132,373,4,1,0,0,0,4
4133,373,2,2,0,0,0,2
4775,373,11,3,1,0,0,0
4845,373,,,,,,
4119,373,19,3,1,0,0,7
4120,373,9,1,0,0,0,10
4121,373,3,0,1,0,0,8
4122,373,7,0,0,0,0,4
4123,373,4,0,0,0,0,2
4771,373,32,5,2,0,0,7
4846,373,49,6,4,0,3,12
4160,373,2,1,2,0,0,1
4161,373,0,1,1,0,0,0
4162,373,1,1,2,0,0,0
4163,373,0,0,2,0,0,0
4164,373,0,0,1,0,0,1
4774,373,4,0,2,0,0,1
4847,373,,,,,,
4150,373,12,1,1,0,0,6
4151,373,11,0,1,0,0,6
4152,373,9,0,0,0,0,7
4153,373,9,0,0,0,0,6
4154,373,4,0,0,0,0,2
4769,373,11,0,1,0,0,3
4848,373,,,,,,
4155,373,1,0,1,0,0,4
4156,373,1,0,0,0,0,2
4157,373,1,0,0,0,0,2
4158,373,1,1,0,0,0,3
4159,373,3,2,0,0,0,3
4770,373,9,1,1,0,0,5
4843,373,22,5,4,0,2,7
4124,373,17,3,6,0,0,16
4125,373,6,2,5,0,0,13
4126,373,7,2,3,0,0,14
4127,373,9,2,3,0,0,13
4128,373,6,0,2,0,0,9
4776,373,19,2,5,0,0,18
4849,373,24,5,14,0,11,24
1340,29,0,82,0,0,5,1
1341,29,0,65,0,0,1,0
1342,29,,,,,,
1343,29,,,,,,
2882,29,,,,,,
2883,29,,,,,,
2884,29,,,,,,
2885,29,,,,,,
1903,83,2,4,5,0,4,13
4450,83,,,,,,
1906,83,14,12,2,0,12,46
1905,83,4,1,4,0,8,33
1904,83,1,5,1,1,4,59
4561,295,0,0,0,0,0,10
2910,295,,,,,,
2911,295,,,,,,
2912,295,,,,,,
2913,295,,,,,,
2914,295,,,,,,
2920,295,,,,,,
2921,295,,,,,,
2922,295,,,,,,
4563,295,0,0,0,0,0,21
2902,295,,,,,,
2903,295,,,,,,
2904,295,,,,,,
2905,295,,,,,,
2906,295,,,,,,
2907,295,,,,,,
2908,295,,,,,,
2909,295,,,,,,
4564,295,1,0,1,0,0,22
2894,295,,,,,,
2895,295,,,,,,
2896,295,,,,,,
2897,295,,,,,,
2898,295,,,,,,
2899,295,,,,,,
2900,295,,,,,,
2901,295,,,,,,
4565,295,1,1,2,1,1,22
2915,295,,,,,,
2916,295,,,,,,
2917,295,,,,,,
2918,295,,,,,,
2919,295,,,,,,
2939,189,,,,,,
2940,189,,,,,,
2941,189,,,,,,
2942,189,,,,,,
2943,189,,,,,,
2944,189,,,,,,
2945,189,,,,,,
2946,189,,,,,,
2923,189,,,,,,
2924,189,,,,,,
2925,189,,,,,,
2926,189,,,,,,
2927,189,,,,,,
2928,189,,,,,,
2929,189,,,,,,
2930,189,,,,,,
2931,189,,,,,,
2932,189,,,,,,
2933,189,,,,,,
2934,189,,,,,,
2935,189,,,,,,
2936,189,,,,,,
2937,189,,,,,,
2938,189,,,,,,
2947,189,,,,,,
2948,189,,,,,,
2949,189,,,,,,
2950,189,,,,,,
2951,189,,,,,,
2952,189,,,,,,
2953,189,,,,,,
2954,189,,,,,,
4223,238,3,1,0,0,0,8
4224,238,1,2,0,0,1,7
4225,238,2,3,0,0,1,12
4226,238,2,2,0,0,0,19
5216,238,4,4,2,0,2,15
5217,238,8,2,2,0,2,13
4228,238,3,2,1,0,0,4
4229,238,0,5,1,0,0,9
4230,238,2,1,0,0,0,6
4231,238,1,3,0,0,0,5
5218,238,1,4,0,0,1,6
5219,238,1,5,0,0,2,11
4235,238,1,3,1,0,0,26
4232,238,0,1,1,0,0,10
4233,238,1,0,0,0,0,16
4234,238,0,2,0,0,1,16
5220,238,1,0,1,0,0,40
5221,238,1,2,0,0,1,43
2955,217,,,,,,
2956,217,,,,,,
2957,217,,,,,,
2958,217,,,,,,
2959,217,,,,,,
2960,217,,,,,,
2961,217,,,,,,
2962,217,,,,,,
2963,217,,,,,,
2964,217,,,,,,
2965,217,,,,,,
2966,217,,,,,,
4701,217,23,14,5,1,0,103
4543,137,5,20,5,0,2,21
4545,137,4,18,3,0,7,33
1372,388,7,0,0,0,5,16
1373,388,8,0,0,0,7,17
1374,388,12,0,1,0,9,21
1375,388,12,1,2,0,6,33
1376,388,9,1,3,0,11,35
2008,388,9,0,6,0,4,41
2013,388,12,,9,,,40
2967,388,,,,,,
2968,388,,,,,,
2969,388,,,,,,
2970,388,,,,,,
1377,388,10,0,0,0,7,22
1378,388,7,0,0,1,8,23
1379,388,5,0,1,1,9,27
1380,388,4,0,0,0,10,31
1381,388,7,0,1,0,15,32
2009,388,13,1,7,0,7,62
2048,388,,,,,,
2989,388,,,,,,
2990,388,,,,,,
2995,499,,,,,,
2996,499,,,,,,
2997,499,,,,,,
2998,499,,,,,,
2999,499,,,,,,
3000,499,,,,,,
3001,499,,,,,,
3002,499,,,,,,
3003,499,,,,,,
3004,499,,,,,,
3009,499,,,,,,
3010,499,,,,,,
3011,499,,,,,,
3012,499,,,,,,
3013,499,,,,,,
3014,499,,,,,,
3015,499,,,,,,
3016,499,,,,,,
3021,499,,,,,,
3022,499,,,,,,
3023,499,,,,,,
3024,499,,,,,,
3017,499,,,,,,
3018,499,,,,,,
3019,499,,,,,,
3020,499,,,,,,
3005,499,,,,,,
3006,499,,,,,,
3007,499,,,,,,
3008,499,,,,,,
3025,499,,,,,,
3026,499,,,,,,
3027,499,,,,,,
3028,499,,,,,,
3031,333,,,,,,
3032,333,,,,,,
3033,333,,,,,,
3034,333,,,,,,
3035,333,,,,,,
3036,333,,,,,,
3037,333,,,,,,
3038,333,,,,,,
3039,333,,,,,,
3040,333,,,,,,
3041,333,,,,,,
3042,333,,,,,,
3043,333,,,,,,
3044,333,,,,,,
4140,41,12,3,4,3,,40
4141,41,15,3,5,2,,38
4142,41,15,2,1,1,,28
4143,41,7,1,2,,,17
5261,41,15,2,5,0,,52
4139,41,14,5,6,3,,33
4134,41,10,2,1,2,,23
4135,41,5,2,1,1,,23
4136,41,1,1,2,,,20
4137,41,3,1,1,1,,21
4138,41,6,1,,1,,15
5262,41,9,2,5,0,,31
3045,51,,,,,,
3046,51,,,,,,
3047,51,,,,,,
3048,51,,,,,,
3049,51,,,,,,
3050,51,,,,,,
5280,319,17,4,7,0,6,74
4658,319,16,2,5,0,4,66
4659,319,16,1,5,0,5,66
4662,319,9,0,4,0,5,67
4663,319,7,3,1,0,4,58
4664,319,7,3,1,0,5,68
4667,319,7,3,2,0,4,75
4668,319,8,3,0,0,3,72
4669,319,7,4,1,0,2,70
3060,319,,,,,,
5281,319,20,8,7,0,4,44
4670,319,17,5,3,0,5,40
4671,319,8,6,1,0,5,34
4672,319,4,4,1,0,5,28
4674,319,3,4,3,0,3,22
4676,319,2,4,2,0,2,18
4677,319,1,2,2,0,1,21
4678,319,1,2,1,0,1,27
4679,319,2,2,0,1,0,21
3057,319,,,,,,
4384,319,28,3,1,0,,37
2037,319,6,0,2,0,2,26
2038,319,8,0,5,0,5,24
2039,319,8,2,5,1,2,23
2040,319,15,2,3,0,6,29
3051,319,,,,,,
3052,319,,,,,,
3053,319,,,,,,
3054,319,,,,,,
3055,319,,,,,,
3056,319,,,,,,
4533,326,3,0,1,0,0,14
3063,307,,,,,,
3064,307,,,,,,
3065,307,,,,,,
3066,307,,,,,,
3067,307,,,,,,
3068,307,,,,,,
3069,307,,,,,,
3070,307,,,,,,
3071,448,,,,,,
3072,448,,,,,,
3073,448,,,,,,
3074,448,,,,,,
3075,448,,,,,,
3076,448,,,,,,
3077,448,,,,,,
3078,448,,,,,,
3079,448,,,,,,
3080,448,,,,,,
3081,448,,,,,,
3082,448,,,,,,
4609,187,0,1,0,0,0,6
4613,187,1,1,0,0,0,15
4610,187,0,5,0,0,0,22
4614,187,0,5,0,0,0,33
4612,187,0,1,0,0,1,4
4616,187,0,0,0,0,1,6
4611,187,0,0,0,0,0,4
4615,187,0,0,0,0,0,1
1388,435,13,3,3,0,6,27
1389,435,6,1,3,0,4,26
1390,435,4,2,2,0,2,24
1391,435,6,3,2,0,2,28
3087,435,,,,,,
3088,435,,,,,,
3090,435,,,,,,
3091,435,,,,,,
3092,435,,,,,,
3093,435,,,,,,
3094,435,,,,,,
3095,435,,,,,,
1392,435,25,11,0,0,10,54
1393,435,12,13,3,1,8,44
1394,435,10,10,7,1,2,47
1395,435,10,10,9,1,4,51
3089,435,,,,,,
1396,435,1,2,0,0,0,8
1397,435,2,2,0,0,0,12
1398,435,2,2,0,0,0,10
1399,435,1,1,0,0,0,16
3096,435,,,,,,
3097,435,,,,,,
3098,435,,,,,,
1400,435,1,1,0,0,0,16
1401,435,1,2,0,0,2,15
1402,435,1,1,1,0,1,17
1403,435,0,1,1,0,2,18
3100,435,,,,,,
3101,435,,,,,,
3108,260,,,,,,
3109,260,,,,,,
3116,260,,,,,,
3117,260,,,,,,
3118,20,,,,,,
3119,20,,,,,,
3120,20,,,,,,
3121,20,,,,,,
3122,20,,,,,,
3123,20,,,,,,
4699,173,76,19,14,0,6,43
3124,440,,,,,,
3125,440,,,,,,
3126,440,,,,,,
3127,440,,,,,,
3128,440,,,,,,
3129,440,,,,,,
3130,440,,,,,,
3131,440,,,,,,
3132,367,,,,,,
3133,367,,,,,,
3134,367,,,,,,
3135,367,,,,,,
3136,367,,,,,,
3137,367,,,,,,
3138,367,,,,,,
3139,367,,,,,,
3140,367,,,,,,
3141,367,,,,,,
3142,367,,,,,,
3143,367,,,,,,
3144,367,,,,,,
3145,367,,,,,,
3146,367,,,,,,
3147,367,,,,,,
3148,367,,,,,,
3149,367,,,,,,
3150,367,,,,,,
3151,367,,,,,,
3152,367,,,,,,
3153,367,,,,,,
3154,367,,,,,,
3155,367,,,,,,
3156,367,,,,,,
3157,211,,,,,,
3158,211,,,,,,
3159,211,,,,,,
3160,211,,,,,,
3161,211,,,,,,
3162,211,,,,,,
4516,476,,,,,,
1414,97,8,1,1,0,2,4
1415,97,1,1,2,0,2,4
1416,97,0,1,2,0,2,4
1417,97,3,0,2,0,3,2
1418,97,4,0,2,0,3,3
1419,97,7,1,4,0,5,4
4886,97,10,1,2,0,2,11
4887,97,9,1,4,0,2,7
4888,97,9,0,4,0,2,9
4889,97,9,2,3,0,2,8
4890,97,13,3,4,0,5,10
4891,97,24,3,4,,7,11
4892,97,27,4,8,1,7,15
4548,97,8,,1,,1,5
4893,97,5,0,4,0,2,3
4894,97,7,0,2,0,3,7
4895,97,5,0,2,0,3,6
4896,97,4,0,1,0,4,8
4897,97,8,0,1,0,2,7
4898,97,8,,,,1,3
3178,25,,,,,,
3179,25,,,,,,
3180,25,,,,,,
3181,25,,,,,,
3182,25,,,,,,
3183,25,,,,,,
3184,25,,,,,,
3185,25,,,,,,
3170,25,,,,,,
3171,25,,,,,,
3172,25,,,,,,
3173,25,,,,,,
3174,25,,,,,,
3175,25,,,,,,
3176,25,,,,,,
3177,25,,,,,,
3202,233,,,,,,
3203,233,,,,,,
3204,233,,,,,,
3205,233,,,,,,
3206,233,,,,,,
3207,233,,,,,,
3208,233,,,,,,
3209,233,,,,,,
3194,233,,,,,,
3195,233,,,,,,
3196,233,,,,,,
3197,233,,,,,,
3198,233,,,,,,
3199,233,,,,,,
3200,233,,,,,,
3201,233,,,,,,
3186,233,,,,,,
3187,233,,,,,,
3188,233,,,,,,
3189,233,,,,,,
3190,233,,,,,,
3191,233,,,,,,
3192,233,,,,,,
3193,233,,,,,,
3210,233,,,,,,
3211,233,,,,,,
3212,233,,,,,,
3213,233,,,,,,
3214,233,,,,,,
3215,233,,,,,,
3216,233,,,,,,
3217,233,,,,,,
3218,233,,,,,,
3219,233,,,,,,
3220,233,,,,,,
3221,233,,,,,,
3222,233,,,,,,
3223,233,,,,,,
3224,233,,,,,,
3225,233,,,,,,
3226,60,,,,,,
3227,60,,,,,,
3228,60,,,,,,
3229,60,,,,,,
3230,60,,,,,,
3231,60,,,,,,
3232,60,,,,,,
3233,60,,,,,,
4773,170,,,,,,
4520,170,,,,,,
4481,43,1,1,5,0,0,4
4519,43,1,5,5,0,0,10
3234,268,,,,,,
3235,268,,,,,,
3236,268,,,,,,
3237,268,,,,,,
3238,268,,,,,,
3239,268,,,,,,
3240,268,,,,,,
3241,268,,,,,,
4635,322,1,1,5,1,0,13
4636,322,1,2,0,0,1,13
4634,322,3,34,15,2,2,92
3266,47,,,,,,
3267,47,,,,,,
3268,47,,,,,,
3242,47,,,,,,
3243,47,,,,,,
3244,47,,,,,,
3245,47,,,,,,
3246,47,,,,,,
3247,47,,,,,,
3248,47,,,,,,
3249,47,,,,,,
3250,47,,,,,,
3251,47,,,,,,
3252,47,,,,,,
3253,47,,,,,,
3254,47,,,,,,
3255,47,,,,,,
3256,47,,,,,,
3257,47,,,,,,
3258,47,,,,,,
3259,47,,,,,,
3260,47,,,,,,
3261,47,,,,,,
3262,47,,,,,,
3263,47,,,,,,
3264,47,,,,,,
3265,47,,,,,,
3269,244,,,,,,
3270,244,,,,,,
3271,244,,,,,,
3272,244,,,,,,
3273,244,,,,,,
3274,244,,,,,,
3275,244,,,,,,
3284,4,,,,,,
3285,4,,,,,,
3276,4,,,,,,
3277,4,,,,,,
3278,4,,,,,,
3279,4,,,,,,
3280,4,,,,,,
3281,4,,,,,,
3282,4,,,,,,
3283,4,,,,,,
5049,91,,49,,,,
3286,91,,,,,,
3287,91,,,,,,
3288,91,,,,,,
3289,91,,,,,,
3290,91,,,,,,
3291,91,,,,,,
3292,91,,,,,,
3293,91,,,,,,
3294,258,,,,,,
3295,258,,,,,,
3296,258,,,,,,
3297,258,,,,,,
3298,258,,,,,,
3299,258,,,,,,
3300,258,,,,,,
3301,258,,,,,,
3302,258,,,,,,
3303,258,,,,,,
1450,424,3,1,0,0,5,1
1451,424,3,3,0,0,3,0
1452,424,,,,,,
1453,424,3,1,,,,6
3308,424,,1,,,,4
3309,424,,1,,,1,4
4787,424,2,,1,,1,6
4788,424,1,,,,1,5
4789,424,1,1,,,,9
4790,424,,1,1,,,6
4791,424,1,3,1,,1,5
4792,424,2,3,1,,1,6
1454,424,0,0,0,0,5,1
1455,424,1,0,0,0,2,3
1456,424,,,,,,
1457,424,,,1,,,3
3314,424,,,1,,,
3315,424,,,,,,4
4793,424,1,,1,,,2
4794,424,1,,,,,3
4795,424,1,,,,,3
4796,424,,,,,,
4797,424,2,,,,,2
4798,424,,,1,,,2
3322,424,,,,,,
3323,424,,,,,,
3324,424,,,,,,
3325,424,,,,,,
1458,424,0,2,0,0,0,6
1459,424,1,0,0,0,1,3
1460,424,,,,,,
1461,424,1,,,,,2
3320,424,,,,,,1
3321,424,,,,,,1
4799,424,1,,,,,3
4800,424,1,,,,,3
4801,424,2,,,,,2
4802,424,2,1,,1,,3
4803,424,,,1,,,2
4804,424,1,,1,,,2
4781,424,7,12,4,,2,15
4782,424,1,1,,,,1
1462,424,4,5,3,0,6,17
1463,424,2,1,2,0,2,18
1464,424,,,,,,
1465,424,1,4,1,,,17
3330,424,4,5,3,,,20
3331,424,5,5,1,,,16
3332,424,3,8,2,,1,23
3333,424,4,9,3,,1,18
4783,424,4,8,4,,,17
4784,424,5,8,3,,,19
4785,424,6,9,5,,,25
4786,424,,1,1,,1,8
1420,72,18,8,9,1,3,19
1421,72,13,4,3,1,0,18
1422,72,4,5,3,1,0,11
1423,72,0,3,1,,0,3
1424,72,0,1,4,,1,3
1425,72,0,0,2,,1,1
1426,72,,1,2,,1,3
1427,72,3,0,2,,0,1
1428,72,1,0,3,,0,1
1429,72,2,1,4,0,,3
4867,72,2,1,6,0,,7
4868,72,1,1,5,0,,10
4869,72,3,1,5,0,0,13
4870,72,6,1,2,0,0,15
1434,72,4,0,0,,0,5
1430,72,13,0,0,,,13
1431,72,8,0,0,,0,9
1432,72,2,0,0,0,0,7
1433,72,4,0,0,0,0,4
1435,72,4,1,0,,0,7
1436,72,4,0,0,,,7
1437,72,,1,0,,,4
1438,72,4,1,0,,,11
1439,72,3,1,1,0,,12
1969,72,7,1,2,0,0,8
1970,72,8,2,2,0,,20
4872,72,9,1,4,0,0,20
4873,72,10,1,4,0,0,25
1440,72,6,6,3,,0,7
1441,72,2,3,3,,1,6
1442,72,5,3,2,,1,10
1443,72,4,2,1,,1,9
1444,72,5,2,1,,1,7
1445,72,4,2,2,,0,9
1446,72,4,2,2,,2,7
1447,72,6,1,2,,2,7
1448,72,7,0,3,,2,6
1449,72,1,0,1,0,,10
4874,72,2,0,1,0,,13
4875,72,4,0,3,0,,16
4876,72,2,0,4,0,0,20
4877,72,4,1,4,0,0,18
3334,40,,,,,,
3335,40,,,,,,
3336,40,,,,,,
3337,40,,,,,,
3338,40,,,,,,
3339,40,,,,,,
3340,40,,,,,,
3341,40,,,,,,
4707,40,,,,,,
3342,40,,,,,,
3343,40,,,,,,
3344,40,,,,,,
3345,40,,,,,,
3346,40,,,,,,
3347,40,,,,,,
3348,40,,,,,,
3349,40,,,,,,
3350,40,,,,,,
3351,40,,,,,,
3352,40,,,,,,
3353,40,,,,,,
3368,110,1,2,2,0,0,29
3369,110,1,3,4,0,0,25
3370,110,3,0,4,0,0,26
3371,110,2,2,8,0,0,29
3372,110,4,2,14,0,1,29
3373,110,4,1,13,0,2,41
4317,110,2,2,18,0,2,25
4946,110,9,3,8,0,1,38
4947,110,9,4,11,0,1,25
4948,110,5,3,11,0,3,18
3366,110,,,,,,
3367,110,,,,,,
4985,110,4,1,5,0,0,19
4986,110,3,1,3,0,0,20
4987,110,3,1,5,1,0,24
4988,110,4,4,4,1,0,26
4989,110,5,5,7,0,1,29
4990,110,7,3,9,1,2,33
4991,110,6,3,12,1,3,28
4992,110,7,3,14,1,4,31
4993,110,8,6,16,1,1,28
4994,110,12,7,16,0,3,38
4598,110,5,6,11,2,0,44
4599,110,8,6,13,1,0,45
4600,110,9,5,15,2,0,49
4601,110,9,7,22,2,0,49
4602,110,11,9,27,1,0,50
4603,110,10,8,22,1,0,38
4881,110,12,7,25,0,0,55
4590,110,10,8,14,1,0,37
4591,110,12,7,16,0,0,47
4592,110,20,5,27,0,0,58
4593,110,20,4,32,0,0,77
4594,110,25,6,32,0,0,72
4595,110,20,5,22,0,0,50
4882,110,20,3,26,0,0,54
4975,110,11,7,16,0,0,33
4976,110,10,7,13,0,0,44
4977,110,6,3,14,0,0,43
4978,110,10,7,10,1,0,37
4979,110,11,7,16,0,2,43
4980,110,15,5,22,0,3,53
4981,110,17,4,26,0,4,67
4982,110,23,6,29,0,6,60
4983,110,21,5,22,0,4,45
4984,110,21,3,27,1,4,58
4962,110,0,0,1,0,0,1
4963,110,6,0,8,0,0,3
4964,110,5,1,12,0,1,4
4965,110,0,2,10,0,0,16
4966,110,2,3,13,0,0,23
4967,110,2,3,14,0,0,19
4968,110,3,3,12,0,0,17
4969,110,3,3,11,0,0,18
4970,110,3,3,10,0,0,15
4971,110,3,3,13,0,1,19
4972,110,4,3,20,0,0,23
4973,110,3,2,16,0,1,21
4974,110,3,1,16,0,1,18
4584,110,6,11,27,0,0,114
4585,110,7,11,21,0,0,103
4586,110,8,9,23,0,0,81
4587,110,6,9,24,0,0,89
4588,110,9,6,36,0,0,91
4589,110,11,5,39,0,0,83
4883,110,18,5,57,0,0,118
4952,110,7,11,16,1,0,83
4953,110,4,5,12,1,0,81
4954,110,1,4,14,0,0,88
4955,110,3,8,15,0,0,97
4956,110,5,8,10,0,3,85
4957,110,5,6,13,0,1,66
4958,110,3,6,11,0,2,70
4959,110,5,3,15,0,3,67
4960,110,5,4,17,0,3,74
4961,110,10,5,36,0,4,113
4995,110,0,0,1,0,0,4
4577,110,5,5,22,1,0,136
4578,110,6,5,30,2,0,129
4579,110,8,6,29,1,0,123
4580,110,8,3,37,0,0,130
4581,110,8,2,38,0,0,136
4582,110,6,2,27,0,0,100
4884,110,4,3,24,0,0,112
4949,110,5,6,16,0,0,123
4950,110,5,5,14,0,0,113
4951,110,5,5,14,1,0,120
3390,291,,,,,,
3391,291,,,,,,
3392,291,,,,,,
3393,291,,,,,,
3394,291,,,,,,
3395,291,,,,,,
3396,291,,,,,,
3397,291,,,,,,
3382,291,,,,,,
3383,291,,,,,,
3384,291,,,,,,
3385,291,,,,,,
3386,291,,,,,,
3387,291,,,,,,
3388,291,,,,,,
3389,291,,,,,,
3374,291,,,,,,
3375,291,,,,,,
3376,291,,,,,,
3377,291,,,,,,
3378,291,,,,,,
3379,291,,,,,,
3380,291,,,,,,
3381,291,,,,,,
4826,411,,,,,,
3398,232,,,,,,
3399,232,,,,,,
3400,232,,,,,,
3401,232,,,,,,
3402,232,,,,,,
3403,232,,,,,,
3404,232,,,,,,
3405,232,,,,,,
3406,232,,,,,,
3407,232,,,,,,
4536,150,2,2,0,0,0,2
3408,445,,,,,,
3409,445,,,,,,
3410,445,,,,,,
3411,445,,,,,,
3412,445,,,,,,
3413,445,,,,,,
3414,445,,,,,,
3415,133,,,,,,
3416,133,,,,,,
3417,133,,,,,,
3418,133,,,,,,
3419,133,,,,,,
3420,133,,,,,,
3421,133,,,,,,
3422,133,,,,,,
3423,133,,,,,,
3424,133,,,,,,
3425,133,,,,,,
3426,133,,,,,,
3427,133,,,,,,
3428,133,,,,,,
3429,133,,,,,,
3430,133,,,,,,
4642,134,15,3,8,4,14,56
3454,88,,,,,,
3455,88,,,,,,
3456,88,,,,,,
3457,88,,,,,,
3458,88,,,,,,
3459,88,,,,,,
4388,88,19,0,1,0,0,6
4389,88,29,0,1,0,0,12
4391,88,41,0,0,0,0,14
4393,88,66,0,5,0,0,16
4394,88,123,1,6,0,0,25
4395,88,143,0,6,0,0,26
4902,88,183,1,5,1,,17
2079,88,67,1,1,,15,13
2080,88,75,1,,,16,16
2081,88,79,1,0,0,0,22
2082,88,81,1,2,0,0,24
2083,88,88,2,2,0,0,24
2084,88,90,1,1,0,,27
2085,88,94,1,4,0,,26
4903,88,167,0,14,1,0,37
4397,88,118,2,9,0,,25
4370,68,190,6,7,1,0,31
4371,68,127,3,4,1,0,20
4372,68,82,0,4,1,0,21
4373,68,65,0,3,2,0,20
4374,68,68,1,4,2,0,18
4375,68,83,2,5,2,0,20
4376,68,97,5,7,2,0,16
4377,68,107,3,9,0,0,24
4378,68,138,3,15,0,0,24
4379,68,176,3,26,0,0,29
4380,68,244,5,48,0,0,33
4381,68,291,5,62,0,0,45
4382,68,341,5,63,1,0,53
3468,402,,,,,,
3469,402,,,,,,
3470,402,,,,,,
4181,430,296,4,20,0,0,48
4182,430,256,3,27,0,0,34
4183,430,214,1,33,0,0,35
4184,430,143,3,24,0,0,36
4185,430,110,2,17,0,0,26
4186,430,90,1,15,2,0,23
4187,430,59,1,11,2,0,14
4188,430,48,0,7,1,0,19
4189,430,65,0,7,2,0,18
4190,430,69,0,8,1,0,18
4191,430,94,1,9,0,0,20
4192,430,129,3,10,0,0,28
3437,430,,,,,,
3438,430,,,,,,
3434,430,,,,,,
3435,430,,,,,,
3436,430,,,,,,
3439,430,,,,,,
3440,430,,,,,,
3441,430,,,,,,
3442,430,,,,,,
3443,430,,,,,,
3444,430,,,,,,
3445,430,,,,,,
3446,430,,,,,,
3447,430,,,,,,
3475,121,14,0,5,0,,16
3476,121,21,0,3,0,,21
3477,121,14,0,2,0,1,17
3478,121,17,1,6,0,1,18
5008,121,16,1,8,0,1,21
5009,121,15,0,10,0,2,28
5010,121,23,0,8,0,1,31
5011,121,23,0,10,0,3,28
3471,121,,,,,,
3472,121,,,,,,
3473,121,,,,,,
3474,121,,,,,,
2054,302,,,,,,
1472,302,6,0,3,0,0,1
1473,302,5,0,3,0,0,1
1474,302,3,1,3,0,0,2
1475,302,10,3,4,0,0,4
1690,302,15,3,3,0,0,6
1691,302,12,2,5,0,0,7
1692,302,16,2,4,0,0,7
1693,302,15,0,8,0,0,10
2053,302,22,1,14,0,0,8
1476,302,4,0,2,0,1,2
1477,302,4,0,2,0,2,3
1478,302,6,0,1,0,1,4
1479,302,19,1,5,0,0,10
1685,302,29,5,19,1,0,25
1686,302,19,2,8,0,0,27
1688,302,20,2,6,0,0,26
1689,302,20,3,5,1,0,19
2055,302,43,5,27,0,0,30
4343,302,59,2,24,0,10,29
4344,302,,,,,,
3508,361,,,,,,
3509,361,,,,,,
3510,361,,,,,,
3511,361,,,,,,
3512,361,,,,,,
1694,361,5,5,3,0,0,28
1695,361,6,2,10,0,1,33
1696,361,5,7,7,0,2,34
1697,361,7,9,5,1,4,22
1698,361,6,12,8,2,2,40
1699,361,8,9,15,0,5,39
3500,361,,,,,,
3501,361,,,,,,
3502,361,,,,,,
3503,361,,,,,,
4169,361,17,11,20,1,0,48
1700,361,4,5,2,0,1,7
1701,361,4,6,0,0,1,7
1702,361,4,7,3,0,0,13
1703,361,3,4,6,1,1,18
1704,361,2,9,11,0,2,17
1705,361,4,11,11,0,3,20
3495,361,,,,,,
4170,361,10,15,9,0,0,26
4059,182,5,0,6,1,0,61
4060,182,4,0,10,1,1,69
4061,182,5,0,7,1,2,71
4062,182,7,1,8,2,4,71
4063,182,9,1,7,2,5,67
4355,182,12,2,10,2,0,75
4069,182,2,0,3,1,0,13
4070,182,11,1,7,3,1,35
4356,182,15,2,9,1,4,41
3513,182,,,,,,
3514,182,,,,,,
3515,182,,,,,,
3516,182,,,,,,
3517,182,,,,,,
3518,182,,,,,,
3519,182,11,0,1,0,4,16
3520,182,16,0,3,0,1,21
4071,182,14,0,3,0,5,25
4072,182,12,0,2,0,5,35
4073,182,9,0,3,0,5,42
4357,182,13,1,9,0,20,60
4064,182,5,1,8,0,1,56
4065,182,7,0,5,1,1,65
4066,182,10,0,8,2,4,99
4067,182,6,0,13,3,3,102
4068,182,11,1,14,3,6,111
4358,182,19,1,14,4,11,128
4766,84,9,1,5,0,0,49
3521,36,,,,,,
3522,36,,,,,,
3523,36,,,,,,
3524,36,,,,,,
4768,451,,,,,,
4777,451,,,,,,
4778,451,,,,,,
4779,451,,,,,,
4675,451,20,11,28,1,,57
4685,451,,,,,,
4514,163,,,,,,
4532,163,41,18,9,0,8,69
3525,394,,,,,,
3526,394,,,,,,
3527,394,,,,,,
3528,394,,,,,,
3529,394,,,,,,
3530,394,,,,,,
4627,490,8,4,5,0,0,16
4628,490,9,5,2,0,1,9
4629,490,15,5,6,0,3,9
4630,490,21,5,7,0,3,10
4631,490,36,5,11,0,2,10
4632,490,41,8,13,0,2,19
3540,490,,,,,,
3541,490,,,,,,
3542,490,,,,,,
3543,490,,,,,,
3544,490,,,,,,
3545,490,,,,,,
4904,157,24,1,1,0,1,18
4905,157,24,1,2,0,2,21
4906,157,38,2,2,1,3,31
4907,157,69,1,3,1,4,43
4908,157,94,1,6,0,5,45
5291,157,,,,,,
4919,157,0,0,0,0,0,0
4920,157,0,0,0,0,0,1
4921,157,2,0,0,0,0,0
4922,157,0,0,0,0,0,0
4923,157,1,1,0,0,0,0
4924,157,2,1,0,0,1,0
4925,157,0,0,0,0,0,1
4926,157,3,0,0,0,0,2
4927,157,6,0,1,0,0,1
4928,157,0,0,0,0,0,2
4929,157,6,0,0,0,0,4
4914,157,1,0,1,0,0,4
4915,157,2,0,1,0,0,7
4916,157,6,0,3,0,3,13
4917,157,7,2,1,0,2,9
4918,157,12,2,2,0,2,7
4909,157,0,0,0,0,0,0
4910,157,0,0,0,0,1,2
4911,157,1,0,0,0,1,2
4912,157,3,0,0,0,1,3
4913,157,10,0,0,0,1,4
4681,331,4,0,6,1,2,5
3546,331,,,,,,
3547,331,,,,,,
3548,331,,,,,,
3549,331,,,,,,
3550,331,,,,,,
3551,331,,,,,,
3552,331,,,,,,
3553,331,,,,,,
3570,82,,,,,,
3571,82,,,,,,
3572,82,,,,,,
3573,82,,,,,,
3574,82,,,,,,
3575,82,,,,,,
3576,82,,,,,,
1483,82,7,6,0,0,1,6
1484,82,8,3,1,0,0,7
1485,82,6,7,0,0,0,11
1486,82,2,6,1,0,0,9
1487,82,5,7,2,0,3,12
3577,82,,,,,,
3578,82,,,,,,
3579,82,,,,,,
3580,82,,,,,,
1488,82,6,5,2,0,0,25
1489,82,10,5,1,0,0,35
1490,82,15,7,2,0,4,50
1491,82,14,10,4,0,6,40
1492,82,16,9,8,0,8,48
3554,82,,,,,,
3555,82,,,,,,
3556,82,,,,,,
3557,82,,,,,,
3562,82,,,,,,
3563,82,,,,,,
3564,82,,,,,,
3565,82,,,,,,
3566,82,,,,,,
3567,82,,,,,,
3568,82,,,,,,
3569,82,,,,,,
1493,82,10,7,2,0,0,30
1494,82,10,9,5,0,0,26
1495,82,8,12,6,0,1,27
1496,82,9,13,5,0,4,27
1497,82,12,8,2,0,2,43
3585,201,,,,,,
3586,201,,,,,,
3587,201,,,,,,
3588,201,,,,,,
3589,201,,,,,,
3590,201,,,,,,
3591,201,,,,,,
3592,201,,,,,,
4410,146,2,0,4,0,0,3
4411,146,3,1,0,0,0,3
4412,146,3,2,0,0,0,1
4413,146,1,0,0,0,0,0
4414,146,2,2,0,0,0,0
4900,146,2,6,0,0,0,3
4415,146,2,2,2,0,0,6
4416,146,3,2,5,0,1,5
4417,146,8,3,2,0,0,7
4418,146,7,4,6,0,2,7
4419,146,12,6,4,0,2,7
4899,146,12,5,3,0,1,10
4811,146,0,0,0,0,0,1
4812,146,,,,,,
4813,146,2,0,1,0,0,1
4901,146,2,0,0,0,0,1
3604,146,,,,,,
3605,146,,,,,,
3606,146,,,,,,
3607,146,,,,,,
3608,146,,,,,,
3609,146,,,,,,
3610,146,,,,,,
3611,61,,,,,,
3612,61,,,,,,
3613,61,,,,,,
3614,61,,,,,,
3615,61,,,,,,
3616,61,,,,,,
3997,346,7,1,1,0,6,18
3998,346,6,1,2,0,7,23
3999,346,9,2,2,0,7,26
4000,346,11,2,1,0,11,36
4001,346,9,3,3,0,30,37
4002,346,33,3,6,0,3,58
4851,346,43,3,9,0,9,66
4003,346,1,1,0,0,1,3
4004,346,0,0,0,0,0,3
4005,346,1,0,0,0,2,3
4006,346,2,0,1,0,2,6
4007,346,6,0,1,0,8,6
4008,346,10,1,1,1,1,28
4850,346,17,1,0,0,3,39
5228,336,1,1,0,0,0,1
5229,336,0,1,0,0,0,2
5230,336,1,1,0,0,0,3
5231,336,5,0,0,1,0,4
5232,336,22,1,0,0,0,12
5278,336,20,2,0,0,0,6
5223,336,2,2,0,0,0,20
5224,336,2,0,0,0,0,22
5225,336,8,0,1,0,0,21
5226,336,11,0,2,0,0,16
5227,336,31,0,3,2,0,24
5279,336,21,0,2,0,0,17
4805,120,6,26,0,0,0,11
4806,120,14,42,1,1,2,27
4808,120,11,32,0,2,0,19
4809,120,13,31,2,0,0,22
3619,143,,,,,,
3620,143,,,,,,
3621,143,,,,,,
3622,143,,,,,,
3623,143,,,,,,
3624,143,,,,,,
3625,143,,,,,,
3626,143,,,,,,
3627,143,,,,,,
3628,143,,,,,,
3629,143,,,,,,
3630,143,,,,,,
3631,143,,,,,,
3632,143,,,,,,
3633,143,,,,,,
3634,143,,,,,,
4713,143,4,7,0,2,0,14
4535,27,,,,,,1
5259,27,1,,,,,1
5257,27,,,,,,4
5258,27,,,,,,4
2049,128,2,1,1,0,6,26
2050,128,3,0,1,0,3,25
2051,128,2,0,0,0,8,31
2052,128,4,0,2,0,9,30
4386,128,6,2,2,0,2,25
1498,128,10,2,0,1,9,20
1499,128,7,3,0,0,4,20
1500,128,3,3,0,0,4,18
1501,128,1,1,0,0,3,18
1502,128,2,0,0,0,4,13
1503,128,3,0,1,0,7,25
3643,14,,,,,,
3644,14,,,,,,
3645,14,,,,,,
3646,14,,,,,,
4706,481,21,2,8,0,12,37
1738,38,7,3,2,0,1,24
1739,38,12,9,4,1,5,36
1740,38,21,15,6,1,7,55
4517,38,46,16,7,3,0,67
1505,13,,,,,,
1506,13,,,,,,
1507,13,,,,,,
1508,13,,,,,,
1509,13,,,,,,
1510,13,1,6,1,0,0,9
1511,13,0,9,0,0,6,5
1512,13,1,5,2,0,6,5
1513,13,4,3,2,0,6,6
1514,13,4,2,3,0,7,5
1515,13,,,,,,
1516,13,,,,,,
1517,13,,,,,,
1518,13,,,,,,
1519,13,,,,,,
1520,13,,,,,,
1521,13,6,11,6,0,5,27
1522,13,3,15,6,0,14,28
1523,13,5,17,5,0,15,24
1524,13,8,17,4,0,14,22
1525,13,9,19,6,0,9,32
4398,13,13,42,12,0,8,65
4399,13,24,56,15,0,6,83
1527,13,,,,,,
1528,13,,,,,,
1529,13,,,,,,
1530,13,,,,,,
1531,13,,,,,,
1532,13,1,1,1,0,1,8
1533,13,1,2,2,2,1,9
1534,13,2,2,4,2,2,11
1535,13,2,2,2,2,2,8
1536,13,3,1,0,0,3,8
1537,13,,,,,,
1538,13,,,,,,
1539,13,,,,,,
1540,13,,,,,,
1541,13,,,,,,
1542,13,,,,,,
1543,13,0,2,0,2,1,38
1544,13,1,0,0,2,4,36
1545,13,0,2,2,1,6,40
1546,13,2,1,3,2,6,34
1547,13,4,1,3,1,2,32
1548,13,,,,,,
1549,13,,,,,,
1550,13,,,,,,
1551,13,,,,,,
1552,13,,,,,,
1553,13,,,,,,
1554,13,2,9,0,0,0,19
1555,13,2,15,1,1,1,16
1556,13,5,13,1,1,2,13
1557,13,3,23,5,0,4,26
1558,13,5,16,5,0,4,18
1559,13,,,,,,
1560,13,0,2,1,0,0,0
1561,13,0,3,3,0,0,0
1562,13,0,2,2,0,2,4
1563,13,0,3,1,0,2,8
1564,13,0,4,1,0,5,13
1565,13,,,,,,
3663,78,,,,,,
3664,78,,,,,,
3665,78,,,,,,
3666,78,,,,,,
3667,78,,,,,,
3668,78,,,,,,
3669,78,,,,,,
3670,9,,,,,,
3671,9,,,,,,
3672,9,,,,,,
3673,9,,,,,,
3674,9,,,,,,
3675,9,,,,,,
3676,9,,,,,,
3677,9,,,,,,
3678,9,,,,,,
3679,9,,,,,,
3680,9,,,,,,
3681,9,,,,,,
3682,9,,,,,,
3683,9,,,,,,
3684,9,,,,,,
4735,63,,,,,,
1566,422,,,,,,
1567,422,,,,,,
1568,422,,,,,,
1569,422,,,,,,
1570,422,28,2,3,0,3,19
1571,422,30,4,2,0,4,22
1877,422,33,2,3,0,4,24
1878,422,43,7,4,0,3,35
1907,422,57,6,3,0,1,42
1908,422,72,7,8,0,0,45
4449,422,86,4,12,1,0,57
4885,422,99,11,11,1,0,52
2071,422,1,0,0,0,0,3
2072,422,2,0,0,0,0,2
2073,422,1,1,1,1,0,3
2074,422,4,1,,1,,3
4353,422,,,,,,
2075,422,6,5,7,0,4,26
2076,422,8,6,5,0,2,33
2077,422,11,3,5,0,2,35
2078,422,13,3,7,0,2,37
4354,422,,,,,,
1572,437,,,90,,11,
1573,437,,,80,,9,
1574,437,,,78,,9,
1575,437,,,121,,44,
1576,437,,,97,,3,
1577,437,,,99,,2,
1578,437,,,171,,16,
1579,437,,,145,,14,
1580,437,,,133,,12,
4780,204,,,,,,
3689,337,,,,,,
3690,337,,,,,,
3691,337,,,,,,
3692,337,,,,,,
3693,337,,,,,,
3694,337,,,,,,
3695,337,,,,,,
3696,337,,,,,,
3697,337,,,,,,
3698,337,,,,,,
3699,337,,,,,,
3700,337,,,,,,
3701,337,,,,,,
3702,337,,,,,,
3703,337,,,,,,
3704,337,,,,,,
4702,420,0,0,0,0,0,2
4703,410,,,,,,
4576,314,,,,,,
5201,314,9,3,3,0,5,24
3717,368,,,,,,
3718,368,,,,,,
3719,368,,,,,,
3720,368,,,,,,
3721,368,,,,,,
3722,368,,,,,,
3723,368,,,,,,
3724,368,,,,,,
3711,368,,,,,,
3712,368,,,,,,
3713,368,,,,,,
3714,368,,,,,,
3715,368,,,,,,
3716,368,,,,,,
3725,368,,,,,,
3726,368,,,,,,
3727,368,,,,,,
3705,368,,,,,,
3706,368,,,,,,
3707,368,,,,,,
3708,368,,,,,,
3709,368,,,,,,
3710,368,,,,,,
3728,101,,,,,,
3729,101,,,,,,
3730,101,,,,,,
3731,101,,,,,,
3732,101,,,,,,
3733,101,,,,,,
3734,101,,,,,,
3735,101,,,,,,
4712,206,0,5,1,0,0,13
3736,206,,,,,,
3737,206,,,,,,
3738,206,,,,,,
3739,206,,,,,,
3740,206,,,,,,
3741,206,,,,,,
3742,206,,,,,,
3743,206,,,,,,
1706,493,47,11,18,0,11,60
1707,493,64,10,20,0,23,68
1708,493,79,13,30,0,39,106
1709,493,103,17,46,0,57,120
1711,493,118,15,56,0,0,144
4383,493,129,12,47,0,0,132
5356,493,,,,,,
1588,287,,,,,,
1589,287,,,,,,
1590,287,,,,,,
1591,287,,,,,,
1592,287,,,,,,
1593,287,,,,,,
1594,287,,,,,,
1595,287,,,,,,
1596,287,,,,,,
1597,287,,,,,,
2041,287,1,0,58,0,5,0
2042,287,0,0,42,0,0,3
4930,287,0,1,50,0,0,7
4931,287,1,2,75,0,0,2
1598,287,,,,,,
1599,287,,,,,,
1600,287,,,,,,
1601,287,,,,,,
1602,287,,,,,,
1603,287,,,,,,
1604,287,,,,,,
1605,287,,,,,,
1606,287,,,,,,
1607,287,,,,,,
2043,287,0,0,26,0,7,1
2044,287,0,0,27,0,0,1
4932,287,0,2,35,0,0,3
4933,287,0,2,45,0,0,1
1608,287,,,,,,
1609,287,,,,,,
1610,287,,,,,,
1611,287,,,,,,
1612,287,,,,,,
1613,287,,,,,,
1614,287,,,,,,
1615,287,,,,,,
1616,287,,,,,,
1617,287,,,,,,
2045,287,1,0,28,0,4,1
2046,287,1,0,32,0,0,2
4934,287,1,0,39,0,0,1
4935,287,1,0,51,0,0,2
3758,248,,,,,,
3759,248,,,,,,
3760,248,,,,,,
3750,248,,,,,,
3751,248,,,,,,
3752,248,,,,,,
3753,248,,,,,,
3754,248,,,,,,
3755,248,,,,,,
3756,248,,,,,,
3757,248,,,,,,
1618,462,3,0,1,0,9,14
1619,462,2,0,1,1,3,14
1620,462,3,0,0,0,6,9
1621,462,,,,,,
4729,462,,,,,,
1625,131,10,4,0,0,0,9
1626,131,9,1,2,0,0,14
1627,131,9,1,3,0,0,15
1628,131,,,,,,
1629,131,,,,,,
1630,131,17,7,1,0,3,23
1622,131,,,,,,
1623,131,,,,,,
1624,131,,,,,,
2058,26,9,2,,,5,10
2060,26,7,1,,,4,11
2062,26,4,1,,,5,8
2064,26,5,,,,7,10
2066,26,8,,,,5,11
2068,26,13,,1,,6,10
2070,26,12,,2,,6,4
4807,26,,,,,,
2057,26,29,1,,,15,38
2059,26,29,1,1,,16,42
2061,26,35,1,2,,21,39
2063,26,34,1,2,,22,30
2065,26,35,1,1,,26,43
2067,26,47,1,1,,32,44
2069,26,64,1,3,1,53,45
4507,26,,,,,,
4704,104,,,,,,
3796,500,,,,,,
3802,500,1,0,0,0,0,13
3803,500,2,0,0,0,1,16
4504,500,2,0,0,0,3,19
4505,500,7,1,0,0,1,22
4506,500,11,2,0,1,2,45
5270,500,15,1,2,1,5,69
3800,500,,,,,,
3801,500,,,,,,
3812,497,,,,,,
3813,497,,,,,,
3814,497,,,,,,
3815,497,,,,,,
3816,497,,,,,,
3817,497,,,,,,
3818,497,,,,,,
3819,497,,,,,,
3804,497,,,,,,
3805,497,,,,,,
3806,497,,,,,,
3807,497,,,,,,
3808,497,,,,,,
3809,497,,,,,,
3810,497,,,,,,
3811,497,,,,,,
4705,18,,,,,,7
4736,18,,,,,,3
4684,176,,,,,,
3820,176,,,,,,
3821,176,,,,,,
3822,176,,,,,,
3823,176,,,,,,
3824,176,,,,,,
3825,176,,,,,,
3826,176,,,,,,
3827,176,,,,,,
4435,463,,,,,,
4022,75,1,0,1,0,0,12
4028,75,0,0,0,0,0,14
4035,75,0,0,0,0,2,15
4041,75,0,0,1,0,0,16
4047,75,0,0,1,0,0,16
4053,75,0,0,0,0,0,15
4023,75,0,1,0,0,1,4
4029,75,0,0,0,0,2,2
4036,75,0,0,0,0,2,0
4042,75,0,0,0,0,2,0
4048,75,0,0,0,0,0,0
4054,75,0,1,0,0,0,0
4861,75,0,1,0,0,1,4
4862,75,0,1,0,0,0,6
4020,75,0,1,0,0,2,3
4026,75,0,0,0,0,2,5
4032,75,0,0,1,0,2,0
4039,75,0,0,0,0,3,1
4045,75,0,0,0,0,1,0
4051,75,0,0,0,0,0,1
4857,75,0,1,3,0,2,4
4858,75,0,0,1,0,0,4
4024,75,0,0,0,0,0,7
4030,75,0,0,0,0,2,9
4037,75,0,0,0,0,3,7
4043,75,0,1,0,0,3,7
4049,75,0,1,0,0,1,6
4055,75,0,0,0,0,1,7
4859,75,0,0,0,0,0,15
4860,75,0,0,1,0,0,13
4021,75,0,0,1,0,2,23
4027,75,2,1,1,0,1,16
4033,75,0,0,1,0,1,8
4052,75,0,0,1,0,1,17
4057,75,0,0,0,0,2,7
4058,75,0,0,0,0,1,14
4855,75,0,0,2,0,1,17
4856,75,2,0,1,0,0,15
4025,75,1,0,0,0,1,20
4031,75,0,0,1,0,0,9
4038,75,0,0,0,0,0,13
4044,75,0,0,0,0,0,10
4050,75,0,0,0,0,0,14
4056,75,0,0,0,0,0,19
4479,485,,,,,,
4534,485,,,,,,
4480,485,,,,,,
1643,412,,,,,,
3828,412,,,,,,
3833,412,,,,,,
3834,412,,,,,,
3835,412,,,,,,
4316,412,,,,,,
4319,412,,,,,,
4320,412,,,,,,
4321,412,,,,,,
1641,412,,,,,,
1642,412,,,,,,
1644,412,,,,,,
4560,412,,,,,,
4430,324,4,10,1,0,1,13
4431,324,8,7,1,0,1,12
4432,324,7,7,2,0,0,13
4433,324,11,6,2,0,0,17
4547,324,4,8,1,0,2,13
4852,324,22,7,1,0,2,16
4878,324,15,7,3,0,1,16
4426,324,10,9,2,0,1,9
4427,324,6,6,1,0,0,9
4428,324,8,5,2,0,1,15
4429,324,10,7,1,0,0,9
4549,324,8,11,1,0,1,5
4854,324,13,2,3,0,2,14
4880,324,9,5,4,0,1,14
3844,240,,,,,,
3845,240,,,,,,
3846,240,,,,,,
3847,240,,,,,,
3848,240,,,,,,
3849,240,,,,,,
3850,240,,,,,,
3851,240,,,,,,
2006,469,5,0,0,0,1,8
4334,469,8,1,2,0,3,15
2004,469,12,1,4,0,7,31
4318,469,19,3,3,0,4,38
1665,469,3,9,0,0,4,11
1666,469,5,10,0,0,7,20
1667,469,9,6,0,0,7,17
1668,469,7,5,0,0,6,15
1669,469,6,4,0,0,5,21
1670,469,8,4,2,0,2,18
1671,469,6,5,3,0,2,15
1672,469,9,4,3,0,3,19
1673,469,7,4,3,0,1,22
1993,469,11,5,4,0,5,28
2007,469,4,9,0,0,3,13
1674,469,3,2,5,0,2,72
1675,469,3,4,6,0,3,73
1676,469,4,1,5,0,3,63
1677,469,2,3,3,0,5,57
1678,469,6,1,3,0,11,55
1679,469,8,4,4,0,13,63
1680,469,9,5,5,0,15,72
1681,469,10,4,5,0,9,73
1682,469,10,2,4,0,2,69
1683,469,,,,,,
4508,255,,,,,,
4572,255,,,,,,
4573,255,,,,,,
4574,255,,,,,,
3860,299,,,,,,
3861,299,,,,,,
3862,299,,,,,,
3863,299,,,,,,
3864,299,,,,,,
3865,299,,,,,,
3866,299,,,,,,
3867,299,,,,,,
3868,299,,,,,,
3869,299,,,,,,
3870,299,,,,,,
3871,299,,,,,,
3872,299,,,,,,
3873,299,,,,,,
3874,299,,,,,,
3875,299,,,,,,
3852,299,,,,,,
3853,299,,,,,,
3854,299,,,,,,
3855,299,,,,,,
3856,299,,,,,,
3857,299,,,,,,
3858,299,,,,,,
3859,299,,,,,,
3888,65,,,,,,
3889,65,,,,,,
3890,65,,,,,,
3891,65,,,,,,
3892,65,,,,,,
3893,65,,,,,,
3882,65,,,,,,
3883,65,,,,,,
3884,65,,,,,,
3885,65,,,,,,
3886,65,,,,,,
3887,65,,,,,,
3876,65,,,,,,
3877,65,,,,,,
3878,65,,,,,,
3879,65,,,,,,
3880,65,,,,,,
3881,65,,,,,,
3894,124,,,,,,
3895,124,,,,,,
3896,124,,,,,,
3897,124,,,,,,
3898,124,,,,,,
3899,124,,,,,,
3900,124,,,,,,
3901,124,,,,,,
3902,37,,,,,,
3903,37,,,,,,
3904,37,,,,,,
3905,37,,,,,,
3906,37,,,,,,
3907,37,,,,,,
3908,37,,,,,,
3909,37,,,,,,
3910,37,,,,,,
3911,37,,,,,,
3912,37,,,,,,
3913,37,,,,,,
3914,37,,,,,,
3915,37,,,,,,
3916,37,,,,,,
3917,37,,,,,,
4273,467,6,0,1,0,2,18
3918,486,,,,,,
3919,486,,,,,,
3920,486,,,,,,
3921,486,,,,,,
3922,486,,,,,,
3923,486,,,,,,
3924,486,,,,,,
3925,486,,,,,,
4274,486,,,,,,
4275,486,0,0,1,0,0,9
4276,486,0,0,1,0,0,6
4277,486,0,0,1,0,0,7
3942,453,,,,,,
3943,453,,,,,,
3944,453,,,,,,
3945,453,,,,,,
3946,453,,,,,,
3947,453,,,,,,
3948,453,,,,,,
3949,453,,,,,,
3950,453,,,,,,
3951,453,,,,,,
3926,453,,,,,,
3927,453,,,,,,
3928,453,,,,,,
3929,453,,,,,,
3930,453,,,,,,
3931,453,,,,,,
3932,453,,,,,,
3933,453,,,,,,
3934,453,,,,,,
3935,453,,,,,,
3936,453,,,,,,
3937,453,,,,,,
3938,453,,,,,,
3939,453,,,,,,
3940,453,,,,,,
3941,453,,,,,,
3952,453,,,,,,
3953,453,,,,,,
3954,453,,,,,,
3955,453,,,,,,
3956,453,,,,,,
3957,453,,,,,,
4682,380,,,,,,
3966,158,,,,,,
3967,158,,,,,,
3968,158,,,,,,
3969,158,,,,,,
3970,158,,,,,,
3958,158,,,,,,
3959,158,,,,,,
3960,158,,,,,,
3961,158,,,,,,
3962,158,,,,,,
3963,158,,,,,,
3964,158,,,,,,
3965,158,,,,,,
3971,158,,,,,,
3972,158,,,,,,
3973,158,,,,,,
3974,158,,,,,,
3975,158,,,,,,
3976,158,,,,,,
3977,158,,,,,,
3978,158,,,,,,
3991,381,,,,,,
3992,381,,,,,,
3993,381,,,,,,
3994,381,,,,,,
3995,381,,,,,,
3996,381,,,,,,
3985,381,,,,,,
3986,381,,,,,,
3987,381,,,,,,
3988,381,,,,,,
3989,381,,,,,,
3990,381,,,,,,
3979,381,,,,,,
3980,381,,,,,,
3981,381,,,,,,
3982,381,,,,,,
3983,381,,,,,,
3984,381,,,,,,
99999999,8675309,,,,,,
